ID,SGPA_1,Credits_1,SGPA_2,Credits_2,SGPA_3,Credits_3,Total Credits,Average CGPA
24031A0101,0.0,8.5,0.0,10.5,0.0,17.0,36.0,0.0
24031A0102,0.0,5.5,0.0,4.5,0.0,8.0,18.0,0.0
24031A0103,7.66,20.5,7.38,19.5,8.07,20.0,60.0,7.71
24031A0104,5.78,20.5,6.31,19.5,6.45,20.0,60.0,6.18
24031A0105,6.71,20.5,0.0,13.5,0.0,17.0,51.0,0.0
24031A0106,6.63,20.5,6.97,19.5,6.75,20.0,60.0,6.78
24031A0108,0.0,17.5,0.0,10.5,6.0,20.0,48.0,0.0
24031A0109,0.0,11.5,0.0,7.5,0.0,14.0,33.0,0.0
24031A0110,0.0,17.5,,,,,17.5,0.0
24031A0111,0.0,17.5,0.0,16.5,0.0,17.0,51.0,0.0
24031A0112,7.49,20.5,7.67,19.5,7.75,20.0,60.0,7.64
24031A0113,0.0,14.5,0.0,10.5,0.0,11.0,36.0,0.0
24031A0115,0.0,8.5,0.0,7.5,0.0,8.0,24.0,0.0
24031A0116,6.22,20.5,6.74,19.5,6.6,20.0,60.0,6.52
24031A0117,7.61,20.5,8.13,19.5,8.57,20.0,60.0,8.1
24031A0118,0.0,14.5,0.0,10.5,0.0,11.0,36.0,0.0
24031A0119,6.12,20.5,0.0,10.5,0.0,14.0,45.0,0.0
24031A0120,0.0,14.5,0.0,10.5,0.0,14.0,39.0,0.0
24031A0121,5.73,20.5,0.0,5.5,0.0,11.0,37.0,0.0
24031A0122,0.0,5.5,,,,,5.5,0.0
24031A0123,6.9,20.5,0.0,16.5,7.22,20.0,57.0,0.0
24031A0125,0.0,4.0,0.0,7.5,0.0,14.0,25.5,0.0
24031A0126,0.0,17.5,0.0,13.5,0.0,17.0,48.0,0.0
24031A0128,7.76,20.5,8.1,19.5,0.0,17.0,57.0,0.0
24031A0129,0.0,17.5,0.0,13.5,6.52,20.0,51.0,0.0
24031A0130,5.78,20.5,0.0,10.5,0.0,17.0,48.0,0.0
24031A0131,0.0,14.5,0.0,5.5,0.0,0.0,20.0,0.0
24031A0132,6.2,20.5,5.82,19.5,6.82,20.0,60.0,6.28
24031A0133,0.0,17.5,0.0,16.5,0.0,14.0,48.0,0.0
24031A0134,0.0,17.5,0.0,6.5,0.0,14.0,38.0,0.0
24031A0135,7.1,20.5,6.36,19.5,6.82,20.0,60.0,6.77
24031A0136,7.32,20.5,7.31,19.5,7.72,20.0,60.0,7.45
24031A0137,6.49,20.5,6.64,19.5,6.52,20.0,60.0,6.55
24031A0201,0.0,16.5,0.0,14.5,0.0,17.0,48.0,0.0
24031A0202,0.0,7.5,0.0,7.0,0.0,3.5,18.0,0.0
24031A0203,7.1,19.5,7.2,20.5,6.7,20.0,60.0,7.0
24031A0204,0.0,16.5,0.0,5.5,0.0,17.0,39.0,0.0
24031A0205,6.0,19.5,0.0,16.0,0.0,17.0,52.5,0.0
24031A0206,0.0,13.5,0.0,5.5,0.0,17.0,36.0,0.0
24031A0207,6.92,19.5,0.0,17.5,6.88,20.0,57.0,0.0
24031A0208,6.44,19.5,0.0,14.5,0.0,17.0,51.0,0.0
24031A0209,6.56,19.5,6.66,20.5,0.0,11.0,51.0,0.0
24031A0210,0.0,16.5,0.0,13.0,5.9,20.0,49.5,0.0
24031A0211,0.0,10.5,,,,,10.5,0.0
24031A0212,0.0,4.5,,,,,4.5,0.0
24031A0213,6.36,19.5,0.0,17.5,0.0,17.0,54.0,0.0
24031A0214,6.69,19.5,0.0,10.0,0.0,18.5,48.0,0.0
24031A0215,6.79,19.5,0.0,11.5,5.98,20.0,51.0,0.0
24031A0216,6.44,19.5,0.0,17.5,0.0,18.5,55.5,0.0
24031A0217,0.0,3.5,,,,,3.5,0.0
24031A0218,0.0,16.5,0.0,2.5,0.0,8.0,27.0,0.0
24031A0219,6.46,19.5,0.0,14.5,0.0,17.0,51.0,0.0
24031A0220,7.44,19.5,8.34,20.5,7.65,20.0,60.0,7.82
24031A0221,0.0,16.5,0.0,11.5,0.0,18.5,46.5,0.0
24031A0222,7.23,19.5,0.0,17.5,7.28,20.0,57.0,0.0
24031A0223,7.97,19.5,7.29,20.5,7.6,20.0,60.0,7.61
24031A0224,6.62,19.5,6.44,20.5,6.68,20.0,60.0,6.58
24031A0225,0.0,15.5,,,,,15.5,0.0
24031A0226,7.9,19.5,7.39,20.5,7.2,20.0,60.0,7.49
24031A0227,0.0,16.5,0.0,11.5,0.0,17.0,45.0,0.0
24031A0228,6.41,19.5,0.0,8.5,6.52,20.0,48.0,0.0
24031A0229,7.74,19.5,8.07,20.5,8.25,20.0,60.0,8.02
24031A0230,7.59,19.5,7.15,20.5,0.0,17.0,57.0,0.0
24031A0231,6.95,19.5,7.1,20.5,7.32,20.0,60.0,7.12
24031A0232,0.0,16.5,0.0,7.0,0.0,17.0,40.5,0.0
24031A0234,5.9,19.5,0.0,19.0,6.45,20.0,58.5,0.0
24031A0235,0.0,16.5,0.0,10.0,0.0,15.5,42.0,0.0
24031A0236,7.82,19.5,0.0,17.5,7.88,20.0,57.0,0.0
24031A0237,0.0,13.5,0.0,2.5,0.0,12.5,28.5,0.0
24031A0239,6.77,19.5,6.46,20.5,6.35,20.0,60.0,6.52
24031A0240,7.54,19.5,8.07,20.5,6.72,20.0,60.0,7.45
24031A0241,8.05,19.5,7.68,20.5,8.18,20.0,60.0,7.97
24031A0242,0.0,16.5,0.0,11.5,7.15,20.0,48.0,0.0
24031A0243,0.0,16.5,0.0,14.5,6.28,20.0,51.0,0.0
24031A0244,0.0,13.5,0.0,5.5,0.0,12.5,31.5,0.0
24031A0245,7.62,19.5,0.0,17.5,6.48,20.0,57.0,0.0
24031A0246,6.15,19.5,0.0,2.0,0.0,9.0,30.5,0.0
24031A0247,7.18,19.5,7.2,20.5,7.5,20.0,60.0,7.29
24031A0248,0.0,16.5,0.0,13.0,0.0,5.0,34.5,0.0
24031A0249,0.0,10.5,0.0,2.5,0.0,0.0,13.0,0.0
24031A0250,7.95,19.5,7.27,20.5,7.22,20.0,60.0,7.47
24031A0251,0.0,14.5,0.0,14.5,0.0,17.0,46.0,0.0
24031A0252,6.82,19.5,0.0,17.5,6.35,20.0,57.0,0.0
24031A0254,0.0,13.5,0.0,11.5,0.0,14.0,39.0,0.0
24031A0255,7.21,19.5,0.0,13.0,6.9,20.0,52.5,0.0
24031A0256,6.85,19.5,7.56,20.5,0.0,17.0,57.0,0.0
24031A0301,0.0,8.5,,,,,8.5,0.0
24031A0302,7.07,20.5,6.85,19.5,7.0,20.0,60.0,6.98
24031A0303,0.0,8.5,0.0,13.5,0.0,9.0,31.0,0.0
24031A0304,6.93,20.5,0.0,13.5,7.75,20.0,54.0,0.0
24031A0305,7.66,20.5,7.82,19.5,8.5,20.0,60.0,7.99
24031A0306,0.0,17.5,0.0,7.5,0.0,17.0,42.0,0.0
24031A0307,6.34,20.5,7.56,19.5,8.25,20.0,60.0,7.37
24031A0308,0.0,11.5,0.0,10.5,0.0,18.0,40.0,0.0
24031A0309,0.0,14.5,0.0,10.5,6.12,20.0,45.0,0.0
24031A0310,0.0,14.5,0.0,16.5,0.0,17.0,48.0,0.0
24031A0311,7.9,20.5,0.0,16.5,8.1,20.0,57.0,0.0
24031A0312,6.73,20.5,6.77,19.5,6.82,20.0,60.0,6.77
24031A0313,0.0,14.5,0.0,7.5,0.0,14.0,36.0,0.0
24031A0314,0.0,17.5,0.0,10.5,0.0,18.0,46.0,0.0
24031A0315,6.34,20.5,6.82,19.5,0.0,17.0,57.0,0.0
24031A0316,6.27,20.5,6.82,19.5,8.15,20.0,60.0,7.08
24031A0317,0.0,5.5,0.0,10.5,0.0,12.0,28.0,0.0
24031A0318,0.0,14.5,0.0,10.5,0.0,16.0,41.0,0.0
24031A0319,0.0,14.5,0.0,13.5,0.0,12.0,40.0,0.0
24031A0320,0.0,11.5,0.0,13.5,0.0,13.0,38.0,0.0
24031A0321,7.56,20.5,7.87,19.5,8.15,20.0,60.0,7.86
24031A0322,0.0,17.5,0.0,10.5,0.0,13.0,41.0,0.0
24031A0323,0.0,8.5,0.0,13.5,0.0,15.0,37.0,0.0
24031A0324,6.39,20.5,0.0,16.5,7.08,20.0,57.0,0.0
24031A0325,7.73,20.5,8.08,19.5,8.35,20.0,60.0,8.05
24031A0326,0.0,8.5,,,,,8.5,0.0
24031A0327,0.0,11.5,0.0,13.5,0.0,17.0,42.0,0.0
24031A0328,0.0,14.5,,,,,14.5,0.0
24031A0329,0.0,5.5,,,,,5.5,0.0
24031A0330,7.54,20.5,6.54,19.5,7.25,20.0,60.0,7.12
24031A0331,0.0,14.5,0.0,13.5,,,28.0,0.0
24031A0332,6.07,20.5,6.03,19.5,0.0,13.0,53.0,0.0
24031A0334,6.59,20.5,0.0,13.5,0.0,15.0,49.0,0.0
24031A0335,5.44,20.5,0.0,5.5,0.0,10.0,36.0,0.0
24031A0336,0.0,17.5,0.0,16.5,0.0,17.0,51.0,0.0
24031A0337,0.0,17.5,0.0,16.5,0.0,17.0,51.0,0.0
24031A0338,0.0,17.5,0.0,13.5,0.0,17.0,48.0,0.0
24031A0341,5.88,20.5,0.0,7.5,0.0,7.0,35.0,0.0
24031A0342,0.0,14.5,0.0,15.5,0.0,12.0,42.0,0.0
24031A0343,0.0,8.5,0.0,13.5,0.0,15.0,37.0,0.0
24031A0344,0.0,5.5,0.0,10.5,6.8,20.0,36.0,0.0
24031A0345,6.41,20.5,0.0,13.5,0.0,18.0,52.0,0.0
24031A0346,7.17,20.5,6.82,19.5,7.25,20.0,60.0,7.08
24031A0347,6.1,20.5,0.0,13.5,0.0,17.0,51.0,0.0
24031A0401,0.0,14.5,0.0,16.5,0.0,15.5,46.5,0.0
24031A0402,7.39,20.5,0.0,16.5,7.28,20.0,57.0,0.0
24031A0403,0.0,17.5,0.0,13.5,0.0,17.0,48.0,0.0
24031A0404,7.02,20.5,7.28,19.5,7.5,20.0,60.0,7.26
24031A0405,8.66,20.5,0.0,16.5,8.28,20.0,57.0,0.0
24031A0406,0.0,17.5,0.0,16.5,6.82,20.0,54.0,0.0
24031A0407,7.24,20.5,7.13,19.5,7.42,20.0,60.0,7.26
24031A0408,7.41,20.5,7.79,19.5,8.18,20.0,60.0,7.79
24031A0409,7.34,20.5,0.0,16.5,6.65,20.0,57.0,0.0
24031A0410,7.22,20.5,7.28,19.5,6.82,20.0,60.0,7.11
24031A0411,8.39,20.5,7.95,19.5,8.12,20.0,60.0,8.16
24031A0412,8.22,20.5,7.38,19.5,8.12,20.0,60.0,7.91
24031A0413,7.93,20.5,7.54,19.5,7.2,20.0,60.0,7.56
24031A0414,6.05,20.5,0.0,16.5,0.0,14.0,51.0,0.0
24031A0415,7.05,20.5,6.51,19.5,6.98,20.0,60.0,6.85
24031A0416,8.41,20.5,8.23,19.5,8.8,20.0,60.0,8.48
24031A0417,0.0,14.5,,,,,14.5,0.0
24031A0418,7.29,20.5,6.9,19.5,0.0,17.0,57.0,0.0
24031A0419,8.54,20.5,9.05,19.5,8.57,20.0,60.0,8.72
24031A0420,7.88,20.5,8.18,19.5,8.1,20.0,60.0,8.05
24031A0421,8.1,20.5,8.05,19.5,8.18,20.0,60.0,8.11
24031A0422,7.51,20.5,7.62,19.5,8.18,20.0,60.0,7.77
24031A0423,0.0,17.5,0.0,16.5,6.22,20.0,54.0,0.0
24031A0424,0.0,11.5,,,,,11.5,0.0
24031A0425,8.05,20.5,0.0,16.5,8.5,20.0,57.0,0.0
24031A0426,7.39,20.5,6.92,19.5,7.8,20.0,60.0,7.37
24031A0427,6.93,20.5,6.82,19.5,6.38,20.0,60.0,6.71
24031A0428,6.93,20.5,0.0,16.5,7.12,20.0,57.0,0.0
24031A0429,8.02,20.5,7.33,19.5,7.12,20.0,60.0,7.5
24031A0430,6.37,20.5,0.0,16.5,0.0,17.0,54.0,0.0
24031A0431,7.32,20.5,7.03,19.5,7.05,20.0,60.0,7.14
24031A0432,7.71,20.5,8.21,19.5,8.18,20.0,60.0,8.03
24031A0433,7.83,20.5,7.23,19.5,7.98,20.0,60.0,7.69
24031A0434,8.54,20.5,8.79,19.5,8.93,20.0,60.0,8.75
24031A0435,6.44,20.5,0.0,16.5,6.75,20.0,57.0,0.0
24031A0436,0.0,11.5,0.0,10.5,0.0,14.0,36.0,0.0
24031A0437,7.37,20.5,6.62,19.5,7.65,20.0,60.0,7.22
24031A0438,9.22,20.5,9.18,19.5,9.55,20.0,60.0,9.32
24031A0439,7.17,20.5,0.0,13.5,6.78,20.0,54.0,0.0
24031A0440,6.98,20.5,6.62,19.5,6.38,20.0,60.0,6.66
24031A0441,9.29,20.5,8.9,19.5,8.57,20.0,60.0,8.92
24031A0442,7.05,20.5,7.18,19.5,7.68,20.0,60.0,7.3
24031A0443,6.78,20.5,0.0,16.5,0.0,17.0,54.0,0.0
24031A0444,6.49,20.5,7.85,19.5,7.2,20.0,60.0,7.17
24031A0445,7.9,20.5,7.0,19.5,7.88,20.0,60.0,7.6
24031A0446,8.22,20.5,8.64,19.5,9.02,20.0,60.0,8.62
24031A0447,7.37,20.5,6.92,19.5,0.0,17.0,57.0,0.0
24031A0448,6.85,20.5,8.21,19.5,7.22,20.0,60.0,7.42
24031A0449,8.93,20.5,8.23,19.5,8.7,20.0,60.0,8.63
24031A0450,6.66,20.5,7.49,19.5,7.65,20.0,60.0,7.26
24031A0451,6.61,20.5,0.0,16.5,6.72,20.0,57.0,0.0
24031A0452,6.54,20.5,0.0,13.5,6.68,20.0,54.0,0.0
24031A0453,7.68,20.5,7.08,19.5,7.38,20.0,60.0,7.39
24031A0454,8.0,20.5,8.26,19.5,8.72,20.0,60.0,8.32
24031A0455,6.83,20.5,5.62,19.5,6.52,20.0,60.0,6.33
24031A0456,7.15,20.5,7.51,19.5,6.82,20.0,60.0,7.16
24031A0457,8.8,20.5,8.0,19.5,7.9,20.0,60.0,8.24
24031A0458,0.0,17.5,0.0,9.5,6.3,20.0,47.0,0.0
24031A0459,7.29,20.5,7.26,19.5,7.98,20.0,60.0,7.51
24031A0501,6.44,19.5,7.83,20.5,7.3,20.0,60.0,7.2
24031A0502,6.62,19.5,6.9,20.5,0.0,17.0,57.0,0.0
24031A0503,0.0,15.5,6.61,20.5,0.0,17.0,53.0,0.0
24031A0504,7.77,19.5,0.0,17.5,7.45,20.0,57.0,0.0
24031A0505,7.31,19.5,0.0,17.5,0.0,14.0,51.0,0.0
24031A0506,6.33,19.5,0.0,17.5,7.5,20.0,57.0,0.0
24031A0507,7.41,19.5,7.73,20.5,8.12,20.0,60.0,7.76
24031A0508,7.46,19.5,7.95,20.5,7.75,20.0,60.0,7.72
24031A0509,7.69,19.5,0.0,17.5,6.85,20.0,57.0,0.0
24031A0510,7.87,19.5,7.41,20.5,0.0,17.0,57.0,0.0
24031A0511,7.41,19.5,7.63,20.5,7.98,20.0,60.0,7.68
24031A0512,7.49,19.5,7.85,20.5,7.6,20.0,60.0,7.65
24031A0513,8.33,19.5,8.71,20.5,8.35,20.0,60.0,8.47
24031A0514,7.79,19.5,8.41,20.5,0.0,17.0,57.0,0.0
24031A0515,8.49,19.5,9.22,20.5,8.05,20.0,60.0,8.59
24031A0517,7.59,19.5,7.34,20.5,7.08,20.0,60.0,7.33
24031A0518,7.97,19.5,8.29,20.5,7.9,20.0,60.0,8.06
24031A0519,0.0,16.5,7.8,20.5,0.0,17.0,54.0,0.0
24031A0520,8.13,19.5,7.49,20.5,7.08,20.0,60.0,7.56
24031A0521,8.87,19.5,9.32,20.5,8.57,20.0,60.0,8.92
24031A0522,7.36,19.5,7.8,20.5,8.12,20.0,60.0,7.76
24031A0523,7.23,19.5,8.27,20.5,8.05,20.0,60.0,7.86
24031A0524,0.0,16.5,0.0,15.5,7.98,20.0,52.0,0.0
24031A0525,7.64,19.5,8.05,20.5,7.22,20.0,60.0,7.64
24031A0526,7.87,19.5,7.61,20.5,8.12,20.0,60.0,7.86
24031A0527,0.0,16.5,,,,,16.5,0.0
24031A0528,7.64,19.5,8.05,20.5,7.68,20.0,60.0,7.79
24031A0529,0.0,0.5,,,,,0.5,0.0
24031A0530,0.0,0.5,,,,,0.5,0.0
24031A0531,7.85,19.5,8.71,20.5,7.52,20.0,60.0,8.03
24031A0534,7.79,19.5,0.0,17.5,0.0,17.0,54.0,0.0
24031A0535,8.0,19.5,8.68,20.5,8.78,20.0,60.0,8.49
24031A0536,8.0,19.5,7.88,20.5,7.82,20.0,60.0,7.9
24031A0537,7.28,19.5,8.07,20.5,7.72,20.0,60.0,7.7
24031A0538,0.0,16.5,0.0,14.5,0.0,11.0,42.0,0.0
24031A0539,8.05,19.5,8.78,20.5,8.25,20.0,60.0,8.37
24031A0540,8.05,19.5,8.63,20.5,8.35,20.0,60.0,8.35
24031A0541,7.77,19.5,8.46,20.5,8.25,20.0,60.0,8.17
24031A0542,7.77,19.5,8.0,20.5,7.82,20.0,60.0,7.87
24031A0543,0.0,16.5,0.0,5.5,0.0,14.0,36.0,0.0
24031A0544,8.36,19.5,8.76,20.5,8.65,20.0,60.0,8.59
24031A0545,7.13,19.5,7.27,20.5,7.0,20.0,60.0,7.13
24031A0546,8.0,19.5,7.9,20.5,7.8,20.0,60.0,7.9
24031A0547,8.56,19.5,9.61,20.5,9.25,20.0,60.0,9.15
24031A0548,6.77,19.5,0.0,14.5,6.75,20.0,54.0,0.0
24031A0549,9.05,19.5,9.1,20.5,8.2,20.0,60.0,8.78
24031A0550,8.38,19.5,9.0,20.5,8.5,20.0,60.0,8.63
24031A0551,6.97,19.5,8.0,20.5,7.5,20.0,60.0,7.5
24031A0552,7.95,19.5,7.41,20.5,7.65,20.0,60.0,7.67
24031A0553,7.23,19.5,8.2,20.5,7.2,20.0,60.0,7.55
24031A0554,7.95,19.5,7.17,20.5,0.0,17.0,57.0,0.0
25035A0101,,,,,9.4,20.0,20.0,9.4
25035A0102,,,,,8.2,20.0,20.0,8.2
25035A0103,,,,,7.75,20.0,20.0,7.75
25035A0104,,,,,7.08,20.0,20.0,7.08
25035A0105,,,,,8.65,20.0,20.0,8.65
25035A0106,,,,,7.75,20.0,20.0,7.75
25035A0107,,,,,8.02,20.0,20.0,8.02
25035A0108,,,,,6.68,20.0,20.0,6.68
25035A0109,,,,,7.42,20.0,20.0,7.42
25035A0110,,,,,7.72,20.0,20.0,7.72
25035A0111,,,,,6.9,20.0,20.0,6.9
25035A0112,,,,,6.35,20.0,20.0,6.35
25035A0113,,,,,8.05,20.0,20.0,8.05
25035A0114,,,,,7.8,20.0,20.0,7.8
25035A0115,,,,,7.68,20.0,20.0,7.68
25035A0116,,,,,7.28,20.0,20.0,7.28
25035A0117,,,,,7.95,20.0,20.0,7.95
25035A0118,,,,,0.0,14.0,14.0,0.0
25035A0119,,,,,7.1,20.0,20.0,7.1
25035A0120,,,,,8.1,20.0,20.0,8.1
25035A0121,,,,,7.28,20.0,20.0,7.28
25035A0122,,,,,7.05,20.0,20.0,7.05
25035A0123,,,,,0.0,17.0,17.0,0.0
25035A0124,,,,,0.0,17.0,17.0,0.0
25035A0125,,,,,6.9,20.0,20.0,6.9
25035A0126,,,,,7.08,20.0,20.0,7.08
25035A0127,,,,,6.75,20.0,20.0,6.75
25035A0128,,,,,7.38,20.0,20.0,7.38
25035A0129,,,,,7.45,20.0,20.0,7.45
25035A0130,,,,,8.65,20.0,20.0,8.65
25035A0202,,,,,6.45,20.0,20.0,6.45
25035A0203,,,,,7.25,20.0,20.0,7.25
25035A0204,,,,,7.2,20.0,20.0,7.2
25035A0205,,,,,0.0,17.0,17.0,0.0
25035A0206,,,,,5.98,20.0,20.0,5.98
25035A0207,,,,,7.02,20.0,20.0,7.02
25035A0208,,,,,6.22,20.0,20.0,6.22
25035A0209,,,,,0.0,0.0,0.0,0.0
25035A0210,,,,,8.02,20.0,20.0,8.02
25035A0211,,,,,7.12,20.0,20.0,7.12
25035A0212,,,,,6.5,20.0,20.0,6.5
25035A0213,,,,,8.02,20.0,20.0,8.02
25035A0214,,,,,0.0,0.0,0.0,0.0
25035A0301,,,,,6.58,20.0,20.0,6.58
25035A0302,,,,,7.08,20.0,20.0,7.08
25035A0303,,,,,7.45,20.0,20.0,7.45
25035A0304,,,,,0.0,18.0,18.0,0.0
25035A0305,,,,,6.95,20.0,20.0,6.95
25035A0306,,,,,0.0,17.0,17.0,0.0
25035A0307,,,,,7.2,20.0,20.0,7.2
25035A0308,,,,,8.1,20.0,20.0,8.1
25035A0309,,,,,6.78,20.0,20.0,6.78
25035A0310,,,,,6.85,20.0,20.0,6.85
25035A0311,,,,,6.9,20.0,20.0,6.9
25035A0312,,,,,7.1,20.0,20.0,7.1
25035A0313,,,,,0.0,18.0,18.0,0.0
25035A0314,,,,,7.35,20.0,20.0,7.35
25035A0315,,,,,0.0,14.0,14.0,0.0
25035A0316,,,,,6.5,20.0,20.0,6.5
25035A0317,,,,,0.0,15.0,15.0,0.0
25035A0318,,,,,7.35,20.0,20.0,7.35
25035A0319,,,,,6.95,20.0,20.0,6.95
25035A0320,,,,,7.35,20.0,20.0,7.35
25035A0401,,,,,8.95,20.0,20.0,8.95
25035A0402,,,,,7.3,20.0,20.0,7.3
25035A0403,,,,,7.82,20.0,20.0,7.82
25035A0404,,,,,6.7,20.0,20.0,6.7
25035A0405,,,,,0.0,17.0,17.0,0.0
25035A0406,,,,,7.9,20.0,20.0,7.9
25035A0407,,,,,8.28,20.0,20.0,8.28
25035A0408,,,,,7.28,20.0,20.0,7.28
25035A0409,,,,,6.9,20.0,20.0,6.9
25035A0410,,,,,6.25,20.0,20.0,6.25
25035A0411,,,,,9.02,20.0,20.0,9.02
25035A0412,,,,,8.28,20.0,20.0,8.28
25035A0501,,,,,9.4,20.0,20.0,9.4
25035A0502,,,,,8.02,20.0,20.0,8.02
25035A0503,,,,,7.6,20.0,20.0,7.6
25035A0504,,,,,0.0,14.0,14.0,0.0
25035A0505,,,,,7.28,20.0,20.0,7.28
25035A0506,,,,,0.0,17.0,17.0,0.0
25035A0507,,,,,7.82,20.0,20.0,7.82
25035A0508,,,,,8.65,20.0,20.0,8.65
25035A0509,,,,,6.98,20.0,20.0,6.98
25035A0510,,,,,0.0,17.0,17.0,0.0
25035A0511,,,,,7.52,20.0,20.0,7.52
25035A0512,,,,,8.5,20.0,20.0,8.5
25035A0513,,,,,8.55,20.0,20.0,8.55
25035A0514,,,,,8.05,20.0,20.0,8.05
